Job Title,Job City,Job State,Creation Date,Base Salary
Staff Support - Day Programs,Danville,NH,2017-12-05 13:20:59 UTC,80000
Advanced Practice Nurse/Trauma Coordinator,Danville,NH,2017-12-05 13:20:59 UTC,80000
Advanced Practice Nurse/Trauma Coordinator,Danville,NH,2017-12-05 13:21:00 UTC,80000
General Surgeon,Danville,NH,2017-12-05 13:21:01 UTC,80000
CNA - ICU,Danville,NH,2017-12-05 13:21:01 UTC,80000
Advanced Practice Nurse/Trauma Coordinator,Danville,NH,2017-12-05 13:21:02 UTC,80000
Billing Representative,Woburn,MA,2018-02-02 16:00:32 UTC,80000
Environmental Services Tech,Woburn,MA,2018-02-04 17:15:04 UTC,85000
Advanced Practice Nurse/Trauma Coordinator,Danville,NH,2018-02-10 02:17:02 UTC,90000
Nurse Case Manager,Danville,NH,2018-02-10 02:25:37 UTC,95000
Licensed Clinical Social Worker - Program Clinical Supervisor,Danville,NH,2018-02-17 02:15:05 UTC,100000
Certified Nursing Assistant,Danville,NH,2018-03-24 01:00:45 UTC,105000
Occupational Therapist,Danville,NH,2018-03-28 14:45:59 UTC,100000
Health Information Representative,Woburn,MA,2018-04-07 01:15:36 UTC,102500
Certified Nursing Assistant,Danville,NH,2018-04-11 13:45:23 UTC,105001
Manager_General,Woburn,MA,2018-04-14 01:36:05 UTC,100001
Neurologist - Boston,Boston,MA,2018-04-14 03:47:34 UTC,102501
Emergency Medical Technician,Danville,NH,2018-05-31 19:48:57 UTC,105002
Certified Nursing Assistant,Danville,NH,2018-06-11 20:38:07 UTC,100002
Medical Director - Oncology,Boston,MA,2018-06-11 20:38:09 UTC,102502
Certified Nursing Assistant,Danville,NH,2018-06-28 00:53:02 UTC,105003
Clerk,Danville,NH,2018-02-02 16:00:32 UTC,100003
Accounting Director,Woburn,MA,2018-02-04 17:15:04 UTC,102503
Certified Nursing Assistant,Danville,NH,2017-12-05 13:21:11 UTC,90000
Administrative Secretary,Danville,NH,2017-12-05 13:21:12 UTC,92000
ICU Critical Nurse Specialist,Danville,NH,2017-12-05 13:21:12 UTC,93000
Certified Nursing Assistant,Danville,NH,2017-12-05 13:21:13 UTC,94000
Care Coordinator,Danville,NH,2017-12-05 13:21:14 UTC,95000
Certified Nursing Assistant,Danville,NH,2017-12-05 13:21:14 UTC,96000
RN-Med/Surg/Oncology,Danville,NH,2017-12-05 13:21:15 UTC,97000
Administrative Secretary II,Danville,NH,2017-12-05 13:21:15 UTC,98000
Orthopaedic/Sports Physical Therapist-Outpatient,Danville,NH,2017-12-05 13:21:16 UTC,99000
Certified Nursing Assistant,Danville,NH,2017-12-05 13:21:16 UTC,100000
AMC Director,Danville,NH,2017-12-05 13:21:17 UTC,200000
Charge Nurse,Danville,NH,2017-12-05 13:21:17 UTC,150000
Advanced Practice Nurse/Trauma Coordinator,Danville,NH,2017-12-05 13:21:18 UTC,90000
Advanced Practice Nurse - 1912,Danville,NH,2017-12-05 13:21:18 UTC,92000
Advanced Practice Nurse/Trauma Coordinator,Danville,NH,2017-12-05 13:21:19 UTC,93000
Certified Nursing Assistant,Danville,NH,2017-12-05 13:21:19 UTC,94000
Administrative Secretary I [Req # 1916],Danville,NH,2017-12-05 13:21:20 UTC,95000
Boston Medical Director Critical Care Intensivist Opportunity,Danville,NH,2017-12-05 13:21:20 UTC,96000
Certified Nursing Assistant,Danville,NH,2017-12-05 13:21:21 UTC,97000
Advanced Practice Nurse,Danville,NH,2017-12-05 13:21:21 UTC,98000
Seeking BC/BE Pulmonologist,Danville,NH,2017-12-05 13:21:22 UTC,99000
Mental Health Counselor,Danville,NH,2017-12-05 13:21:22 UTC,100000
1st Bi-Annual list of PT Licensures,Danville,NH,2017-12-05 13:21:23 UTC,90000
OR Tech,Danville,NH,2017-12-05 13:21:23 UTC,92000
Certified Nursing Assistant,Danville,NH,2017-12-05 13:21:24 UTC,93000
Accounts Payable Coordinator,Danville,NH,2017-12-05 13:21:24 UTC,94000
Mental Health Counselor,Danville,NH,2017-12-05 13:21:25 UTC,95000
Mental Health Counselor,Danville,NH,2017-12-05 13:21:25 UTC,96000
Nurse Technician Evening Shift,Danville,NH,2017-12-05 13:21:26 UTC,97000
Occupational Therapist Assistant,Danville,NH,2017-12-05 13:21:27 UTC,98000
Certified Nursing Assistant,Danville,NH,2017-12-05 13:21:27 UTC,99000
Accident Emergency Security Guard,Danville,NH,2017-12-05 13:21:27 UTC,100000
Certified Nursing Assistant,Danville,NH,2017-12-05 13:21:28 UTC,101000
Certified Nursing Assistant,Danville,NH,2017-12-05 13:21:29 UTC,102000
Patient Relations Liaison,Danville,NH,2017-12-05 13:21:29 UTC,103000
Certified Nursing Assistant,Danville,NH,2017-12-05 13:21:30 UTC,104000
Certified Nursing Assistant,Danville,NH,2017-12-05 13:21:30 UTC,90000
Operator,Danville,NH,2017-12-05 13:21:31 UTC,92000
Medical Assistant,Danville,NH,2017-12-05 13:21:31 UTC,93000
Mental Health Counselor,Danville,NH,2017-12-05 13:21:32 UTC,94000
Operator,Danville,NH,2017-12-05 13:21:32 UTC,95000
Certified Nursing Assistant,Danville,NH,2017-12-05 13:21:33 UTC,96000
Mental Health Counselor,Danville,NH,2017-12-05 13:21:33 UTC,97000
Occupational Therapist 1,Danville,NH,2017-12-05 13:21:34 UTC,98000
Occupational Therapist,Danville,NH,2017-12-05 13:21:35 UTC,99000
Certified Nursing Assistant,Danville,NH,2017-12-05 13:21:35 UTC,100000
Emergency Medical Technician,Danville,NH,2017-12-05 13:21:35 UTC,50000
Certified Nursing Assistant,Danville,NH,2017-12-05 13:21:36 UTC,90000
Certified Nursing Assistant,Hampstead,NH,2017-12-05 13:21:36 UTC,92000
Certified Nursing Assistant,Danville,NH,2017-12-05 13:21:37 UTC,93000
Certified Nursing Assistant,Danville,NH,2017-12-05 13:21:38 UTC,94000
Mental Health Counselor,Hampstead,NH,2017-12-05 13:21:38 UTC,95000
Billing Representative III,Danville,NH,2017-12-05 13:21:38 UTC,96000
Nurse Practitioner,Woburn,MA,2017-12-05 13:21:39 UTC,97000
Certified Nursing Assistant,Hampstead,NH,2018-02-02 16:00:32 UTC,98000
RN-Endoscopy,Danville,NH,2018-02-04 17:15:04 UTC,99000
Physical Therapist-Outpatient,Danville,NH,2018-02-10 02:17:02 UTC,100000
Mental Health Counselor,Hampstead,NH,2018-02-10 02:25:37 UTC,92000
Environmental Services Tech,Danville,NH,2018-02-17 02:15:05 UTC,93000
Certified Nursing Assistant,Danville,NH,2018-03-24 01:00:45 UTC,94000
Clerk,Danville,NH,2018-03-28 14:45:59 UTC,95000
Administrative Secretary,Danville,NH,2018-04-07 01:15:36 UTC,96000
ICU Critical Nurse Specialist,Danville,NH,2018-04-11 13:45:23 UTC,97000
Clerk,Danville,NH,2018-04-14 01:36:05 UTC,98000
Administrative Secretary I,Danville,NH,2018-04-14 03:47:34 UTC,99000
General Surgeon,Danville,NH,2018-05-31 19:48:57 UTC,100000
Occupational Therapist,Danville,NH,2018-06-11 20:38:07 UTC,50000
Certified Nursing Assistant,Danville,NH,2018-06-11 20:38:09 UTC,90000
Certified Nursing Assistant,Danville,NH,2018-06-28 00:53:02 UTC,92000
Patient Advocate,Danville,NH,2018-02-02 16:00:32 UTC,93000
Advanced Practice Nurse/Trauma Coordinator,Danville,NH,2018-02-04 17:15:04 UTC,94000
Certified Nursing Assistant,Danville,NH,2017-12-05 13:21:48 UTC,95000
Certified Nursing Assistant,Danville,NH,2017-12-05 13:21:49 UTC,96000
Chief Medical Officer,Boston,MA,2017-12-05 13:21:49 UTC,97000
Certified Nursing Assistant,Danville,NH,2017-12-05 13:21:50 UTC,98000
Assistant Fitness Coordinator,Danville,NH,2017-12-05 13:21:51 UTC,99000
Certified Nursing Assistant,Danville,NH,2017-12-05 13:21:51 UTC,92000
Certified Nursing Assistant,Danville,NH,2017-12-05 13:21:52 UTC,93000
ICU Critical Nurse Specialist,Danville,NH,2017-12-05 13:21:53 UTC,94000
Certified Nursing Assistant,Danville,NH,2017-12-05 13:21:53 UTC,95000
Mental Health Counselor,Hampstead,NH,2017-12-05 13:21:54 UTC,96000
Nurse Practitioner,Danville,NH,2017-12-05 13:21:54 UTC,97000
Certified Nursing Assistant,Danville,NH,2017-12-05 13:21:54 UTC,98000
Certified Nursing Assistant,Hampstead,NH,2017-12-05 13:21:55 UTC,99000
Advanced Practice Nurse/Trauma Coordinator,Danville,NH,2017-12-05 13:21:56 UTC,100000
Clinical Coordinator - RN,Danville,NH,2017-12-05 13:21:56 UTC,50000
Certified Nursing Assistant,Hampstead,NH,2017-12-05 13:21:57 UTC,90000
Advanced Practice Nurse/Trauma Coordinator,Danville,NH,2017-12-05 13:21:58 UTC,92000
Senior Analyst - Technical,Woburn,MA,2017-12-05 13:21:58 UTC,93000
Certified Nursing Assistant,Hampstead,NH,2017-12-05 13:21:58 UTC,94000
Advanced Practice Nurse/Trauma Coordinator,Danville,NH,2017-12-05 13:21:59 UTC,95000
Senior Director,Woburn,MA,2017-12-05 13:21:59 UTC,96000
Clerk,Danville,NH,2017-12-05 13:22:00 UTC,97000
Physician Assistant,Boston,ME,2017-12-05 13:22:01 UTC,98000
Advanced Practice Nurse/Trauma Coordinator,Danville,NH,2017-12-05 13:22:01 UTC,99000
Clerk,Danville,NH,2017-12-05 13:22:02 UTC,92000
ICU Clinical Nurse Specialist,Danville,NH,2017-12-05 13:22:02 UTC,93000
Cath Lab Coordinator,Danville,NH,2017-12-05 13:22:02 UTC,94000
Radiology Technician,Danville,NH,2017-12-05 13:22:03 UTC,95000
Advanced Practice Nurse/Trauma Coordinator,Danville,NH,2017-12-05 13:22:04 UTC,96000
Surgical Technician,Danville,NH,2017-12-05 13:22:04 UTC,97000
House Officer,Danville,NH,2017-12-05 13:22:05 UTC,98000
Advanced Practice Nurse/Trauma Coordinator,Danville,NH,2017-12-05 13:22:06 UTC,99000
Nurse Manager,Danville,NH,2017-12-05 13:22:06 UTC,92000
Assistant Fitness Coordinator,Danville,NH,2017-12-05 13:22:06 UTC,93000
Advanced Practice Nurse/Trauma Coordinator,Danville,NH,2017-12-05 13:22:07 UTC,94000
OR Tech,Danville,NH,2017-12-05 13:22:07 UTC,95000
General Surgeon,Danville,NH,2017-12-05 13:22:08 UTC,96000
Certified Nursing Assistant,Danville,NH,2017-12-05 13:22:09 UTC,97000
Physical Therapist Float Pool,Danville,NH,2017-12-05 13:22:09 UTC,98000
RN-Labor & Delivery,Danville,NH,2017-12-05 13:22:09 UTC,99000
Case Manager,Danville,NH,2018-02-02 16:00:32 UTC,100000
Certified Nursing Assistant,Danville,NH,2018-02-04 17:15:04 UTC,50000
Neonatal Nurse Practitioner,Danville,NH,2018-02-10 02:17:02 UTC,90000
Advanced Practice Nurse/Trauma Coordinator,Danville,NH,2018-02-10 02:25:37 UTC,92000
Certified Nursing Assistant,Danville,NH,2018-02-17 02:15:05 UTC,93000
Senior Director of Dietary,Danville,NH,2018-03-24 01:00:45 UTC,94000
Advanced Practice Nurse/Trauma Coordinator,Danville,NH,2018-03-28 14:45:59 UTC,95000
Environmental Services Tech,Danville,NH,2018-04-07 01:15:36 UTC,96000
Food Services Director,Danville,NH,2018-04-11 13:45:23 UTC,97000
Advanced Practice Nurse/Trauma Coordinator,Danville,NH,2018-04-14 01:36:05 UTC,98000
Senior Director,Danville,NH,2018-04-14 03:47:34 UTC,99000
Food Services Director,Danville,NH,2018-05-31 19:48:57 UTC,95000
Certified Nursing Assistant,Danville,NH,2018-06-11 20:38:07 UTC,96000
Accounts Payable Coordinator [Req # 2107],Danville,NH,2018-06-11 20:38:09 UTC,97000
Performance Management Consultant,Danville,NH,2018-06-28 00:53:02 UTC,98000
Registered Nurse,Woburn,MA,2017-12-05 13:22:19 UTC,99000
Certified Nursing Assistant,Boston,MA,2017-12-05 13:22:20 UTC,100000
Senior Director,Danville,NH,2017-12-05 13:22:22 UTC,50000
RN-Float Pool,Danville,NH,2017-12-05 13:22:24 UTC,90000
Occupational Therapist  Float Pool,Danville,NH,2017-12-05 13:22:25 UTC,92000
Clinical Coordinator - RN,Danville,NH,2017-12-05 13:22:27 UTC,93000
Biomedical Technician,Danville,NH,2017-12-05 13:22:28 UTC,94000
Education Coordinator,Danville,NH,2018-02-02 16:00:32 UTC,95000
Healthcare Tech,Danville,NH,2018-02-04 17:15:04 UTC,96000
AMC Director,Danville,NH,2018-02-10 02:17:02 UTC,97000
Clerk,Danville,NH,2018-02-10 02:25:37 UTC,98000
Dietary Director / Chef,Danville,NH,2018-02-17 02:15:05 UTC,99000
Advanced Practice Nurse,Danville,NH,2018-03-24 01:00:45 UTC,92000
Certified Nursing Assistant,Danville,NH,2018-03-28 14:45:59 UTC,93000
Certified Nursing Assistant Chris Time,Danville,NH,2018-04-07 01:15:36 UTC,94000
LPN,Danville,NH,2018-04-11 13:45:23 UTC,95000
Certified Nursing Assistant,Danville,NH,2018-04-14 01:36:05 UTC,96000
Accounting Director,Danville,NH,2018-04-14 03:47:34 UTC,97000
Advanced Practice Nurse/Trauma Coordinator,Danville,NH,2018-05-31 19:48:57 UTC,98000
Advanced Practice Nurse/Trauma Coordinator,Danville,NH,2018-06-11 20:38:07 UTC,99000
Advanced Practice Nurse/Trauma Coordinator,Danville,NH,2018-06-11 20:38:09 UTC,100000
Practice Manager - OBGYN,Boston,MA,2018-06-28 00:53:02 UTC,50000
Clinical Supervisor,Boston,MA,2018-02-02 16:00:32 UTC,90000
Advanced Practice Nurse/Trauma Coordinator,Danville,NH,2017-12-05 13:22:58 UTC,92000
Advanced Practice Nurse/Trauma Coordinator,Danville,NH,2017-12-05 13:23:00 UTC,93000
Advanced Practice Nurse/Trauma Coordinator,Danville,NH,2017-12-05 13:23:01 UTC,94000
Advanced Practice Nurse/Trauma Coordinator,Danville,NH,2017-12-05 13:23:03 UTC,95000
Certified Nursing Assistant,Danville,NH,2017-12-05 13:23:04 UTC,96000
Family Medicine Physician,Boston,MA,2017-12-05 13:23:06 UTC,97000
Dental Assistants,Atlanta,GA,2017-12-05 13:23:08 UTC,98000
Assistant to the President/CEO,Danville,NH,2017-12-05 13:23:09 UTC,99000
Certified Nursing Assistant,Danville,NH,2017-12-05 13:23:11 UTC,99001
Education Coordinator,Danville,NH,2017-12-05 13:23:12 UTC,99002
RN-Float Pool,Danville,NH,2017-12-05 13:23:14 UTC,99003
RN-Labor and Delivery (Float),Danville,NH,2017-12-05 13:23:15 UTC,92000
Certified Coder,Danville,NH,2017-12-05 13:23:17 UTC,93000
Business Service Assistant,Danville,NH,2017-12-05 13:23:19 UTC,94000
Accounting Director,Danville,NH,2017-12-05 13:23:20 UTC,95000
Administrative Secretary II,Danville,NH,2017-12-05 13:23:22 UTC,96000
ultra cool TEST JOB nothing is better than this test job its the latest craze,Danville,NH,2017-12-05 13:23:23 UTC,97000
Certified Nursing Assistant,Danville,NH,2017-12-05 13:23:25 UTC,98000
Nurse Manager,Danville,NH,2017-12-05 13:23:27 UTC,99000
Care Coordinator,Danville,NH,2017-12-05 13:23:28 UTC,100000
Patient Advocate,Danville,NH,2017-12-05 13:23:30 UTC,50000
Assistant Fitness Coord.,Danville,NH,2017-12-05 13:23:31 UTC,90000
Nursing Assistant - JAEP001,Danville,NH,2017-12-05 13:23:33 UTC,92000
Accident Emergency Security Guard,Danville,NH,2017-12-05 13:23:35 UTC,93000
Administrative Secretary II,Danville,NH,2017-12-05 13:23:36 UTC,94000
Certified Nursing Assistant,Danville,NH,2017-12-05 13:27:36 UTC,95000
Certified Nursing Assistant,Danville,NH,2017-12-05 13:27:38 UTC,96000
Accounting Director,Danville,NH,2017-12-05 13:27:39 UTC,97000
Accounting Director - Jen42917a,Woburn,MA,2017-12-05 13:27:41 UTC,98000
Pharmacist,Woburn,MA,2017-12-05 13:27:42 UTC,99000
Accounting Director,Woburn,MA,2017-12-05 13:27:44 UTC,91998
Clinical Supervisor,Danville,NH,2017-12-05 13:27:49 UTC,91999
Accident Emergency Security Guard,Woburn,MA,2017-12-05 13:27:50 UTC,92000
Accident Emergency Security Guard,Woburn,MA,2017-12-05 13:27:52 UTC,93000
Accident Emergency Security Guard,Woburn,MA,2017-12-05 13:27:54 UTC,94000
Assistant Nurse Manager,Chase,AK,2018-01-13 01:46:00 UTC,95000
Contracts Coordinator,Woburn,AL,2018-01-13 02:23:57 UTC,96000
AMC Director,Chase,AK,2018-01-13 03:05:12 UTC,97000
Rehab Program Manager,Danville,NH,2018-02-02 16:00:32 UTC,98000
Clerk,Chase,AK,2018-02-04 17:15:04 UTC,99000
Assistant to the President/CEO,Woburn,MA,2018-02-10 02:17:02 UTC,100000
Contracts Coordinator,Danville,NH,2018-02-10 02:25:37 UTC,50000
Nurse LPN,Woburn,AL,2018-02-17 02:15:05 UTC,90000
Accounting Director,Woburn,MA,2018-03-24 01:00:45 UTC,92000
Assistant Nurse Manager,Danville,NH,2018-03-28 14:45:59 UTC,93000
RN-Womens Services,Danville,NH,2018-04-07 01:15:36 UTC,94000
Accounting Director,Woburn,MA,2018-04-11 13:45:23 UTC,95000
Accident Emergency Security Guard,Chase,AK,2018-04-14 01:36:05 UTC,96000
Certified Nursing Assistant,Woburn,MA,2018-04-14 03:47:34 UTC,97000
AMC Director,Woburn,MA,2018-05-31 19:48:57 UTC,98000
Care Coordinator,Danville,NH,2018-06-11 20:38:07 UTC,99000
Cath Lab Coordinator,Woburn,MA,2018-06-11 20:38:09 UTC,100000
Business Development Coordinator,Chase,AK,2018-06-28 00:53:02 UTC,101000
